﻿<?xml version="1.0"?>
<doc>
<assembly>
<name>
Extraction CSV Liste de documents TopSolid
</name>
</assembly>
<members>
<member name="T:Extraction_CSV_Liste_de_documents_TopSolid.My.Resources.Resources">
<summary>
  A strongly-typed resource class, for looking up localized strings, etc.
</summary>
</member>
<member name="P:Extraction_CSV_Liste_de_documents_TopSolid.My.Resources.Resources.ResourceManager">
<summary>
  Returns the cached ResourceManager instance used by this class.
</summary>
</member>
<member name="P:Extraction_CSV_Liste_de_documents_TopSolid.My.Resources.Resources.Culture">
<summary>
  Overrides the current thread's CurrentUICulture property for all
  resource lookups using this strongly typed resource class.
</summary>
</member>
<member name="M:Extraction_CSV_Liste_de_documents_TopSolid.Start.AddSubDocuments(TopSolid.Kernel.Automating.PdmObjectId,System.Collections.Generic.List{TopSolid.Kernel.Automating.PdmObjectId}@,System.Boolean,System.Boolean)">
 <summary>
 Fonction récursive pour ajouter des sous documents
 </summary>
 <param name="parentFolderId">PdmObjectId du dossier parent</param>
 <param name="documentPdmIds">List des documents à compléter</param>
 <param name="SubFolder">Recherche ou non les sous dossiers</param>
 <param name="SubDocument">Recherche ou non les sous documents</param>
</member>
</members>
</doc>
